mod_b,mod_se,mod_var,mod_imputed,ri_cyear,ri_country,estimation,control_gdp,control_gini,control_socx,control_fb,i_level_control,gdp_m_interaction,count,incdiff_grand_mean,incdiff_within_cyear,pref_mods
-0.02647621157590502,0.002782064356149936,A2_Corruption_percept,No,Yes,No,GLM,Yes,No,No,Yes,No,Yes,1,No,Yes,0
-0.026476211575905143,0.002782064367199739,A2_Corruption_percept,No,Yes,No,GLM,Yes,No,Yes,No,No,Yes,2,No,Yes,0
-0.02647621157590516,0.0027820643213351576,A2_Corruption_percept,No,Yes,No,GLM,Yes,No,No,No,No,Yes,3,No,Yes,0
-0.02647621157590516,0.0027820642436937547,A2_Corruption_percept,No,Yes,No,GLM,Yes,Yes,No,No,No,Yes,4,No,Yes,0
-0.026621312652076155,0.0027784359869044623,A2_Corruption_percept,No,Yes,No,GLM,Yes,No,No,Yes,No,Yes,5,Yes,No,0
-0.026647544380665123,0.0027782266228143274,A2_Corruption_percept,No,Yes,No,GLM,Yes,No,No,No,No,Yes,6,Yes,No,0
-0.026680159665186734,0.002778126980952181,A2_Corruption_percept,No,Yes,No,GLM,Yes,Yes,No,No,No,Yes,7,Yes,No,0
-0.02678608700993722,0.002778232891376258,A2_Corruption_percept,No,Yes,No,GLM,Yes,No,Yes,No,No,Yes,8,Yes,No,0
-0.027927837117276175,0.002801928811010282,A2_Corruption_percept,No,Yes,No,GLM,Yes,Yes,No,No,Yes,Yes,9,No,Yes,0
-0.02792857121166544,0.0028019289377952585,A2_Corruption_percept,No,Yes,No,GLM,Yes,No,No,No,Yes,Yes,10,No,Yes,0
-0.02792866441452372,0.0028019290303696394,A2_Corruption_percept,No,Yes,No,GLM,Yes,No,No,Yes,Yes,Yes,11,No,Yes,0
-0.027929300470199467,0.0028019287410633547,A2_Corruption_percept,No,Yes,No,GLM,Yes,No,Yes,No,Yes,Yes,12,No,Yes,0
-0.02804351018408774,0.002798105580509782,A2_Corruption_percept,No,Yes,No,GLM,Yes,No,No,Yes,Yes,Yes,13,Yes,No,0
-0.028062416938292783,0.002797864657778343,A2_Corruption_percept,No,Yes,No,GLM,Yes,No,No,No,Yes,Yes,14,Yes,No,0
-0.028099845798954613,0.002797691360344145,A2_Corruption_percept,No,Yes,No,GLM,Yes,Yes,No,No,Yes,Yes,15,Yes,No,0
-0.028219221158905527,0.0027977799123429853,A2_Corruption_percept,No,Yes,No,GLM,Yes,No,Yes,No,Yes,Yes,16,Yes,No,0
-0.04477549127917521,0.0023162051622074367,A2_Corruption_percept,Yes,Yes,No,GLM,Yes,No,No,No,No,Yes,17,No,Yes,0
-0.04477549127917521,0.0023162051649968187,A2_Corruption_percept,Yes,Yes,No,GLM,Yes,No,No,Yes,No,Yes,18,No,Yes,0
-0.04477549127917523,0.0023162051064385507,A2_Corruption_percept,Yes,Yes,No,GLM,Yes,No,Yes,No,No,Yes,19,No,Yes,0
-0.044775491279175336,0.002316205236593036,A2_Corruption_percept,Yes,Yes,No,GLM,Yes,Yes,No,No,No,Yes,20,No,Yes,0
-0.04487690712980993,0.002313382242276738,A2_Corruption_percept,Yes,Yes,No,GLM,Yes,No,No,Yes,No,Yes,21,Yes,No,0
-0.04489622366432453,0.002313286390734059,A2_Corruption_percept,Yes,Yes,No,GLM,Yes,No,No,No,No,Yes,22,Yes,No,0
-0.04493206926483448,0.002313361559212955,A2_Corruption_percept,Yes,Yes,No,GLM,Yes,Yes,No,No,No,Yes,23,Yes,No,0
-0.045068640818807626,0.0023134098249835895,A2_Corruption_percept,Yes,Yes,No,GLM,Yes,No,Yes,No,No,Yes,24,Yes,No,0
-0.045797025839480185,0.0024489639424552846,A2_Corruption_percept,Yes,Yes,No,GLM,Yes,Yes,No,No,Yes,Yes,25,No,Yes,0
-0.045797324721683325,0.002448963436887831,A2_Corruption_percept,Yes,Yes,No,GLM,Yes,No,Yes,No,Yes,Yes,26,No,Yes,0
-0.045797756467016844,0.002448963827541773,A2_Corruption_percept,Yes,Yes,No,GLM,Yes,No,No,Yes,Yes,Yes,27,No,Yes,0
-0.045797767889116804,0.0024489637983865237,A2_Corruption_percept,Yes,Yes,No,GLM,Yes,No,No,No,Yes,Yes,28,No,Yes,0
-0.045854831996098,0.0024456254308528646,A2_Corruption_percept,Yes,Yes,No,GLM,Yes,No,No,Yes,Yes,Yes,29,Yes,No,0
-0.045867191231706725,0.0024454861552372143,A2_Corruption_percept,Yes,Yes,No,GLM,Yes,No,No,No,Yes,Yes,30,Yes,No,0
-0.04591347859889901,0.0024455079541517784,A2_Corruption_percept,Yes,Yes,No,GLM,Yes,Yes,No,No,Yes,Yes,31,Yes,No,0
-0.04607831058062535,0.0024455231011924566,A2_Corruption_percept,Yes,Yes,No,GLM,Yes,No,Yes,No,Yes,Yes,32,Yes,No,0
-0.08396285331561215,0.003236655741240007,A2_Corruption_percept,No,Yes,No,GLM,No,No,No,Yes,Yes,No,33,Yes,No,0
-0.08396308977796191,0.003236620399661324,A2_Corruption_percept,No,Yes,No,GLM,No,No,No,No,Yes,No,34,Yes,No,0
-0.08396635093483695,0.003236680986613197,A2_Corruption_percept,No,Yes,No,GLM,Yes,No,No,No,Yes,No,35,Yes,No,0
-0.08406074371796582,0.003236825730735223,A2_Corruption_percept,No,Yes,No,GLM,No,Yes,No,No,Yes,No,36,Yes,No,0
-0.08413520523716371,0.0032368730430718923,A2_Corruption_percept,No,Yes,No,GLM,No,No,Yes,No,Yes,No,37,Yes,No,0
-0.08425874198040179,0.0032365786826948992,A2_Corruption_percept,No,Yes,Yes,GLM,Yes,No,No,No,Yes,No,38,Yes,No,0
-0.0842802822204689,0.0032364468013010264,A2_Corruption_percept,No,Yes,Yes,GLM,No,No,No,No,Yes,No,39,Yes,No,0
-0.08428940692078782,0.0032365045122274626,A2_Corruption_percept,No,Yes,Yes,GLM,No,No,No,Yes,Yes,No,40,Yes,No,0
-0.08429000730988616,0.003240148764247099,A2_Corruption_percept,No,Yes,No,GLM,No,Yes,No,No,Yes,No,41,No,Yes,0
-0.08429035173561687,0.0032401473871410437,A2_Corruption_percept,No,Yes,No,GLM,No,No,Yes,No,Yes,No,42,No,Yes,0
-0.08429380014746915,0.003240149822153196,A2_Corruption_percept,No,Yes,No,GLM,No,No,No,Yes,Yes,No,43,No,Yes,0
-0.08429464706878655,0.003240148746590861,A2_Corruption_percept,No,Yes,No,GLM,No,No,No,No,Yes,No,44,No,Yes,1
-0.0842955075350991,0.0032401499902082287,A2_Corruption_percept,No,Yes,No,GLM,Yes,No,No,No,Yes,No,45,No,Yes,0
-0.0842973819374834,0.003240141830367786,A2_Corruption_percept,No,Yes,Yes,GLM,No,No,Yes,No,Yes,No,46,No,Yes,0
-0.08429788581147675,0.00323651215424473,A2_Corruption_percept,No,Yes,Yes,GLM,No,No,Yes,No,Yes,No,47,Yes,No,0
-0.08429857491749788,0.003240145293209986,A2_Corruption_percept,No,Yes,Yes,GLM,Yes,No,No,No,Yes,No,48,No,Yes,0
-0.08429965174812448,0.003240141158165854,A2_Corruption_percept,No,Yes,Yes,GLM,No,Yes,No,No,Yes,No,49,No,Yes,0
-0.08430016223820569,0.0032401405717301366,A2_Corruption_percept,No,Yes,Yes,GLM,No,No,No,No,Yes,No,50,No,Yes,0
-0.08430083384143588,0.003240143091091808,A2_Corruption_percept,No,Yes,Yes,GLM,No,No,No,Yes,Yes,No,51,No,Yes,0
-0.08430707595475008,0.0032368005945525406,A2_Corruption_percept,No,Yes,Yes,GLM,No,Yes,No,No,Yes,No,52,Yes,No,0
-0.08933231647558908,0.0031962167426813287,A2_Corruption_percept,No,Yes,No,GLM,No,No,No,Yes,No,No,53,Yes,No,0
-0.08933315875788975,0.003196244660649839,A2_Corruption_percept,No,Yes,No,GLM,Yes,No,No,No,No,No,54,Yes,No,0
-0.08934080099022491,0.0031962017042336272,A2_Corruption_percept,No,Yes,No,GLM,No,No,No,No,No,No,55,Yes,No,0
-0.08942837557143458,0.003196510921604038,A2_Corruption_percept,No,Yes,No,GLM,No,Yes,No,No,No,No,56,Yes,No,0
-0.0895003873437055,0.0031965623300054,A2_Corruption_percept,No,Yes,No,GLM,No,No,Yes,No,No,No,57,Yes,No,0
-0.08957997663309257,0.0031958884586981706,A2_Corruption_percept,No,Yes,Yes,GLM,No,No,No,No,No,No,58,Yes,No,0
-0.08958125266958193,0.0031960446370360744,A2_Corruption_percept,No,Yes,Yes,GLM,Yes,No,No,No,No,No,59,Yes,No,0
-0.08959361016259995,0.0031958424668201966,A2_Corruption_percept,No,Yes,Yes,GLM,No,No,No,Yes,No,No,60,Yes,No,0
-0.08959570942940163,0.0031959938642658996,A2_Corruption_percept,No,Yes,Yes,GLM,No,No,Yes,No,No,No,61,Yes,No,0
-0.08959976788498748,0.0031962631794877185,A2_Corruption_percept,No,Yes,Yes,GLM,No,Yes,No,No,No,No,62,Yes,No,0
-0.08960798803176921,0.003199630081345815,A2_Corruption_percept,No,Yes,Yes,GLM,No,No,No,No,No,No,63,No,Yes,0
-0.08960798803176924,0.003199632781294385,A2_Corruption_percept,No,Yes,No,GLM,Yes,No,No,No,No,No,64,No,Yes,0
-0.08960798803176927,0.003199630988190691,A2_Corruption_percept,No,Yes,Yes,GLM,No,No,Yes,No,No,No,65,No,Yes,0
-0.08960798803176927,0.0031996301146288283,A2_Corruption_percept,No,Yes,Yes,GLM,Yes,No,No,No,No,No,66,No,Yes,0
-0.08960798803176927,0.003199629846506845,A2_Corruption_percept,No,Yes,Yes,GLM,No,No,No,Yes,No,No,67,No,Yes,0
-0.08960798803176927,0.003199632791007167,A2_Corruption_percept,No,Yes,No,GLM,No,No,No,Yes,No,No,68,No,Yes,0
-0.08960798803176928,0.003199632765277552,A2_Corruption_percept,No,Yes,No,GLM,No,No,No,No,No,No,69,No,Yes,0
-0.08960798803176928,0.0031996327836151654,A2_Corruption_percept,No,Yes,No,GLM,No,No,Yes,No,No,No,70,No,Yes,0
-0.08960798803176928,0.0031996326847253597,A2_Corruption_percept,No,Yes,No,GLM,No,Yes,No,No,No,No,71,No,Yes,0
-0.08960798803176931,0.003199630203257583,A2_Corruption_percept,No,Yes,Yes,GLM,No,Yes,No,No,No,No,72,No,Yes,0
-0.09443412188384895,0.00287534623530246,A2_Corruption_percept,Yes,Yes,No,GLM,No,No,No,Yes,Yes,No,73,Yes,No,0
-0.09443738037829628,0.0028753174704603565,A2_Corruption_percept,Yes,Yes,No,GLM,No,No,No,No,Yes,No,74,Yes,No,0
-0.0944390472239262,0.002875349008692689,A2_Corruption_percept,Yes,Yes,No,GLM,Yes,No,No,No,Yes,No,75,Yes,No,0
-0.09449607394596275,0.0028754326783560703,A2_Corruption_percept,Yes,Yes,No,GLM,No,Yes,No,No,Yes,No,76,Yes,No,0
-0.09451485578718744,0.002875785249528148,A2_Corruption_percept,Yes,Yes,Yes,GLM,Yes,No,No,No,Yes,No,77,Yes,No,0
-0.0945383962658772,0.00287579198297041,A2_Corruption_percept,Yes,Yes,Yes,GLM,No,No,No,Yes,Yes,No,78,Yes,No,0
-0.0945404346356359,0.002875741448326245,A2_Corruption_percept,Yes,Yes,Yes,GLM,No,Yes,No,No,Yes,No,79,Yes,No,0
-0.09454308426026929,0.0028757071892168916,A2_Corruption_percept,Yes,Yes,Yes,GLM,No,No,No,No,Yes,No,80,Yes,No,0
-0.09455844978794269,0.002875706356232995,A2_Corruption_percept,Yes,Yes,Yes,GLM,No,No,Yes,No,Yes,No,81,Yes,No,0
-0.09462896384310994,0.0028754938233727005,A2_Corruption_percept,Yes,Yes,No,GLM,No,No,Yes,No,Yes,No,82,Yes,No,0
-0.09471677060582162,0.0028782610201748505,A2_Corruption_percept,Yes,Yes,No,GLM,No,No,Yes,No,Yes,No,83,No,Yes,0
-0.09471904027385387,0.0028782624151596314,A2_Corruption_percept,Yes,Yes,No,GLM,No,Yes,No,No,Yes,No,84,No,Yes,0
-0.09472008436769813,0.0028782630041168608,A2_Corruption_percept,Yes,Yes,No,GLM,No,No,No,Yes,Yes,No,85,No,Yes,0
-0.09472079982719354,0.0028782622209993724,A2_Corruption_percept,Yes,Yes,No,GLM,No,No,No,No,Yes,No,86,No,Yes,0
-0.09472117809763987,0.0028782632970290795,A2_Corruption_percept,Yes,Yes,No,GLM,Yes,No,No,No,Yes,No,87,No,Yes,0
-0.09472814537164244,0.002878261485983846,A2_Corruption_percept,Yes,Yes,Yes,GLM,Yes,No,No,No,Yes,No,88,No,Yes,0
-0.09472897494616633,0.002878260680808306,A2_Corruption_percept,Yes,Yes,Yes,GLM,No,No,No,Yes,Yes,No,89,No,Yes,0
-0.0947300906681259,0.0028782589709127233,A2_Corruption_percept,Yes,Yes,Yes,GLM,No,No,Yes,No,Yes,No,90,No,Yes,0
-0.09473445978397345,0.002878258987256189,A2_Corruption_percept,Yes,Yes,Yes,GLM,No,No,No,No,Yes,No,91,No,Yes,0
-0.0947373305784352,0.002878257939314885,A2_Corruption_percept,Yes,Yes,Yes,GLM,No,Yes,No,No,Yes,No,92,No,Yes,0
-0.09521781262588995,0.0027205174128244283,A2_Corruption_percept,Yes,Yes,No,GLM,No,No,No,Yes,No,No,93,Yes,No,0
-0.095225452573566155,0.0027205110288317743,A2_Corruption_percept,Yes,Yes,No,GLM,Yes,No,No,No,No,No,94,Yes,No,0
-0.09522581512064351,0.002720716094753092,A2_Corruption_percept,Yes,Yes,Yes,GLM,No,Yes,No,No,No,No,95,Yes,No,0
-0.0952311601497218,0.0027205193056075707,A2_Corruption_percept,Yes,Yes,No,GLM,No,No,No,No,No,No,96,Yes,No,0
-0.09523579397470226,0.0027207185999265746,A2_Corruption_percept,Yes,Yes,Yes,GLM,No,No,No,No,No,No,97,Yes,No,0
-0.09524212996287669,0.0027208119851258447,A2_Corruption_percept,Yes,Yes,Yes,GLM,Yes,No,No,No,No,No,98,Yes,No,0
-0.09524320952033272,0.0027207618597643065,A2_Corruption_percept,Yes,Yes,Yes,GLM,No,No,Yes,No,No,No,99,Yes,No,0
-0.09524898699800274,0.002720771451061732,A2_Corruption_percept,Yes,Yes,Yes,GLM,No,No,No,Yes,No,No,100,Yes,No,0
-0.0952766836222977,0.0027206781416648784,A2_Corruption_percept,Yes,Yes,No,GLM,No,Yes,No,No,No,No,101,Yes,No,0
-0.09539381423561173,0.002720782917591764,A2_Corruption_percept,Yes,Yes,No,GLM,No,No,Yes,No,No,No,102,Yes,No,0
-0.09542653555217698,0.002723106052041684,A2_Corruption_percept,Yes,Yes,No,GLM,Yes,No,No,No,No,No,103,No,Yes,0
-0.095426535552177,0.0027231059508325776,A2_Corruption_percept,Yes,Yes,No,GLM,No,No,Yes,No,No,No,104,No,Yes,0
-0.09542653555217702,0.0027231047234727674,A2_Corruption_percept,Yes,Yes,Yes,GLM,No,No,No,No,No,No,105,No,Yes,0
-0.09542653555217705,0.0027231047658483123,A2_Corruption_percept,Yes,Yes,Yes,GLM,No,No,Yes,No,No,No,106,No,Yes,0
-0.09542653555217705,0.002723104567777864,A2_Corruption_percept,Yes,Yes,Yes,GLM,Yes,No,No,No,No,No,107,No,Yes,0
-0.09542653555217705,0.002723104579334789,A2_Corruption_percept,Yes,Yes,Yes,GLM,No,No,No,Yes,No,No,108,No,Yes,0
-0.09542653555217705,0.002723106046147154,A2_Corruption_percept,Yes,Yes,No,GLM,No,No,No,Yes,No,No,109,No,Yes,0
-0.09542653555217706,0.002723106052774236,A2_Corruption_percept,Yes,Yes,No,GLM,No,No,No,No,No,No,110,No,Yes,0
-0.09542653555217706,0.00272310410277967,A2_Corruption_percept,Yes,Yes,Yes,GLM,No,Yes,No,No,No,No,111,No,Yes,0
-0.09542653555217706,0.002723106128689216,A2_Corruption_percept,Yes,Yes,No,GLM,No,Yes,No,No,No,No,112,No,Yes,0
-0.03447507322389428,0.0017641801297535906,B_No_confidence,Yes,Yes,No,GLM,Yes,No,No,No,Yes,Yes,113,Yes,No,0
-0.0344930271106997,0.001764158473160362,B_No_confidence,Yes,Yes,No,GLM,Yes,No,No,Yes,Yes,Yes,114,Yes,No,0
-0.03449789664122335,0.0017642408306755598,B_No_confidence,Yes,Yes,No,GLM,Yes,Yes,No,No,Yes,Yes,115,Yes,No,0
-0.034563074450826785,0.0017642100405931217,B_No_confidence,Yes,Yes,No,GLM,Yes,No,Yes,No,Yes,Yes,116,Yes,No,0
-0.034613567066775854,0.0017655828922856004,B_No_confidence,Yes,Yes,No,GLM,Yes,No,Yes,No,Yes,Yes,117,No,Yes,0
-0.03461413794366295,0.0017655832695155974,B_No_confidence,Yes,Yes,No,GLM,Yes,No,No,No,Yes,Yes,118,No,Yes,0
-0.0346141413118592,0.0017655832760741768,B_No_confidence,Yes,Yes,No,GLM,Yes,Yes,No,No,Yes,Yes,119,No,Yes,0
-0.03461467086425674,0.001765583313446237,B_No_confidence,Yes,Yes,No,GLM,Yes,No,No,Yes,Yes,Yes,120,No,Yes,0
-0.03563476747085145,0.0017466953918793215,B_No_confidence,Yes,Yes,No,GLM,Yes,No,No,No,No,Yes,121,Yes,No,0
-0.03565224256069041,0.001746643165294133,B_No_confidence,Yes,Yes,No,GLM,Yes,No,No,Yes,No,Yes,122,Yes,No,0
-0.03565261715392132,0.001746768762117253,B_No_confidence,Yes,Yes,No,GLM,Yes,Yes,No,No,No,Yes,123,Yes,No,0
-0.0357157472503856,0.0017467787191897876,B_No_confidence,Yes,Yes,No,GLM,Yes,No,Yes,No,No,Yes,124,Yes,No,0
-0.03576509766734617,0.0017480724810400835,B_No_confidence,Yes,Yes,No,GLM,Yes,No,Yes,No,No,Yes,125,No,Yes,0
-0.03576509766734619,0.0017480724840907304,B_No_confidence,Yes,Yes,No,GLM,Yes,No,No,No,No,Yes,126,No,Yes,0
-0.03576509766734619,0.0017480724180189591,B_No_confidence,Yes,Yes,No,GLM,Yes,No,No,Yes,No,Yes,127,No,Yes,0
-0.035765097667346195,0.0017480724926401804,B_No_confidence,Yes,Yes,No,GLM,Yes,Yes,No,No,No,Yes,128,No,Yes,0
-0.03667491471599788,0.0019731728497073145,B_No_confidence,No,Yes,No,GLM,Yes,No,No,No,Yes,Yes,129,Yes,No,0
-0.03669207273435934,0.0019731795161662125,B_No_confidence,No,Yes,No,GLM,Yes,Yes,No,No,Yes,Yes,130,Yes,No,0
-0.0366965757573927,0.0019731587271566028,B_No_confidence,No,Yes,No,GLM,Yes,No,No,Yes,Yes,Yes,131,Yes,No,0
-0.03674196243662587,0.0019730931246294296,B_No_confidence,No,Yes,No,GLM,Yes,No,Yes,No,Yes,Yes,132,Yes,No,0
-0.036796369847983144,0.001974235323075131,B_No_confidence,No,Yes,No,GLM,Yes,No,Yes,No,Yes,Yes,133,No,Yes,0
-0.03679665592248693,0.001974235830094245,B_No_confidence,No,Yes,No,GLM,Yes,Yes,No,No,Yes,Yes,134,No,Yes,0
-0.036796936776760956,0.0019742357956824045,B_No_confidence,No,Yes,No,GLM,Yes,No,No,No,Yes,Yes,135,No,Yes,0
-0.036797700637137595,0.0019742357369365486,B_No_confidence,No,Yes,No,GLM,Yes,No,No,Yes,Yes,Yes,136,No,Yes,0
-0.03894433972110406,0.0019623316322447204,B_No_confidence,No,Yes,No,GLM,Yes,No,No,No,No,Yes,137,Yes,No,0
-0.03896041147154556,0.0019623510788638926,B_No_confidence,No,Yes,No,GLM,Yes,Yes,No,No,No,Yes,138,Yes,No,0
-0.03896466727056344,0.001962305067883323,B_No_confidence,No,Yes,No,GLM,Yes,No,No,Yes,No,Yes,139,Yes,No,0
-0.03901100313307701,0.00196227824998866,B_No_confidence,No,Yes,No,GLM,Yes,No,Yes,No,No,Yes,140,Yes,No,0
-0.03905965098710602,0.0019633560536703037,B_No_confidence,No,Yes,No,GLM,Yes,No,No,No,No,Yes,141,No,Yes,0
-0.03905965098710602,0.0019633559689710774,B_No_confidence,No,Yes,No,GLM,Yes,No,No,Yes,No,Yes,142,No,Yes,0
-0.03905965098710604,0.0019633560692389,B_No_confidence,No,Yes,No,GLM,Yes,No,Yes,No,No,Yes,143,No,Yes,0
-0.039059650987106044,0.0019633561624517602,B_No_confidence,No,Yes,No,GLM,Yes,Yes,No,No,No,Yes,144,No,Yes,0
-0.041908594536788996,0.003046211439513674,B_No_confidence,Yes,Yes,Yes,GLM,No,Yes,No,No,No,No,145,Yes,No,0
-0.041938267499635876,0.003046265122069298,B_No_confidence,Yes,Yes,Yes,GLM,No,No,No,Yes,No,No,146,Yes,No,0
-0.04193951579247478,0.0030461626495258383,B_No_confidence,Yes,Yes,Yes,GLM,No,No,No,No,No,No,147,Yes,No,0
-0.041946101456637394,0.0030462463234919067,B_No_confidence,Yes,Yes,Yes,GLM,Yes,No,No,No,No,No,148,Yes,No,0
-0.041953008099640456,0.003046321892913229,B_No_confidence,Yes,Yes,Yes,GLM,No,No,Yes,No,No,No,149,Yes,No,0
-0.04211413219397481,0.0030506361903525517,B_No_confidence,Yes,Yes,Yes,GLM,No,Yes,No,No,No,No,150,No,Yes,0
-0.042114132193974814,0.003050638112891339,B_No_confidence,Yes,Yes,No,GLM,No,No,Yes,No,No,No,151,No,Yes,0
-0.042114132193974856,0.003050636334658687,B_No_confidence,Yes,Yes,Yes,GLM,No,No,No,No,No,No,152,No,Yes,0
-0.042114132193974856,0.0030506363520312776,B_No_confidence,Yes,Yes,Yes,GLM,No,No,Yes,No,No,No,153,No,Yes,0
-0.04211413219397487,0.0030506361059135312,B_No_confidence,Yes,Yes,Yes,GLM,Yes,No,No,No,No,No,154,No,Yes,0
-0.042114132193974876,0.003050638024157551,B_No_confidence,Yes,Yes,No,GLM,Yes,No,No,No,No,No,155,No,Yes,0
-0.042114132193974876,0.0030506361155876603,B_No_confidence,Yes,Yes,Yes,GLM,No,No,No,Yes,No,No,156,No,Yes,0
-0.0421141321939749,0.0030506381779599632,B_No_confidence,Yes,Yes,No,GLM,No,No,No,No,No,No,157,No,Yes,0
-0.042114132193974925,0.003050638213406739,B_No_confidence,Yes,Yes,No,GLM,No,Yes,No,No,No,No,158,No,Yes,0
-0.04211413219397495,0.0030506378981423475,B_No_confidence,Yes,Yes,No,GLM,No,No,No,Yes,No,No,159,No,Yes,0
-0.04223143523752373,0.003047948981355414,B_No_confidence,Yes,Yes,No,GLM,Yes,No,No,No,No,No,160,Yes,No,0
-0.042233255923542906,0.003047976466307979,B_No_confidence,Yes,Yes,No,GLM,No,No,No,Yes,No,No,161,Yes,No,0
-0.042262203806687326,0.0030484591108506723,B_No_confidence,Yes,Yes,No,GLM,No,Yes,No,No,No,No,162,Yes,No,0
-0.04226733216404511,0.003048402837164937,B_No_confidence,Yes,Yes,No,GLM,No,No,No,No,No,No,163,Yes,No,0
-0.04230718463398526,0.0030484424627923827,B_No_confidence,Yes,Yes,No,GLM,No,No,Yes,No,No,No,164,Yes,No,0
-0.04558551414409561,0.0030840602238569417,B_No_confidence,Yes,Yes,Yes,GLM,No,Yes,No,No,Yes,No,165,Yes,No,0
-0.04559700673704659,0.003083919452694089,B_No_confidence,Yes,Yes,Yes,GLM,Yes,No,No,No,Yes,No,166,Yes,No,0
-0.04561298416558516,0.003084018797235373,B_No_confidence,Yes,Yes,Yes,GLM,No,No,No,No,Yes,No,167,Yes,No,0
-0.045614543102056794,0.00308405443698099,B_No_confidence,Yes,Yes,Yes,GLM,No,No,No,Yes,Yes,No,168,Yes,No,0
-0.04564821892597997,0.003084131584682592,B_No_confidence,Yes,Yes,Yes,GLM,No,No,Yes,No,Yes,No,169,Yes,No,0
-0.0457570570915711,0.003088149902388842,B_No_confidence,Yes,Yes,No,GLM,No,No,Yes,No,Yes,No,170,No,Yes,0
-0.04575906956875911,0.0030881499797152474,B_No_confidence,Yes,Yes,No,GLM,No,No,No,No,Yes,No,171,No,Yes,0
-0.04575936088552118,0.003088150134234044,B_No_confidence,Yes,Yes,No,GLM,No,Yes,No,No,Yes,No,172,No,Yes,0
-0.04575995390255197,0.0030881495912203107,B_No_confidence,Yes,Yes,No,GLM,No,No,No,Yes,Yes,No,173,No,Yes,0
-0.04576077984030572,0.003088147571531256,B_No_confidence,Yes,Yes,Yes,GLM,No,No,Yes,No,Yes,No,174,No,Yes,0
-0.045760799199109935,0.003088147072853166,B_No_confidence,Yes,Yes,Yes,GLM,Yes,No,No,No,Yes,No,175,No,Yes,0
-0.04576097667399972,0.0030881469957235188,B_No_confidence,Yes,Yes,Yes,GLM,No,No,No,Yes,Yes,No,176,No,Yes,0
-0.04576119429016768,0.0030881478614298045,B_No_confidence,Yes,Yes,Yes,GLM,No,No,No,No,Yes,No,177,No,Yes,0
-0.04576197549723087,0.0030881474603973555,B_No_confidence,Yes,Yes,Yes,GLM,No,Yes,No,No,Yes,No,178,No,Yes,0
-0.04576343031118826,0.003088149751906323,B_No_confidence,Yes,Yes,No,GLM,Yes,No,No,No,Yes,No,179,No,Yes,0
-0.04584796955404998,0.0030853483790883084,B_No_confidence,Yes,Yes,No,GLM,No,No,No,Yes,Yes,No,180,Yes,No,0
-0.04584863467650325,0.0030853519940258825,B_No_confidence,Yes,Yes,No,GLM,Yes,No,No,No,Yes,No,181,Yes,No,0
-0.04588624118751337,0.0030856496358548603,B_No_confidence,Yes,Yes,No,GLM,No,No,No,No,Yes,No,182,Yes,No,0
-0.04588884860502966,0.003085711247007312,B_No_confidence,Yes,Yes,No,GLM,No,Yes,No,No,Yes,No,183,Yes,No,0
-0.04594682607188047,0.0030856239698968,B_No_confidence,Yes,Yes,No,GLM,No,No,Yes,No,Yes,No,184,Yes,No,0
-0.05822863070645406,0.0036041569501881693,B_No_confidence,No,Yes,Yes,GLM,No,Yes,No,No,No,No,185,Yes,No,0
-0.05824586121949877,0.0036042728092288727,B_No_confidence,No,Yes,Yes,GLM,No,No,No,No,No,No,186,Yes,No,0
-0.0582536860332775,0.0036043746665069456,B_No_confidence,No,Yes,Yes,GLM,No,No,Yes,No,No,No,187,Yes,No,0
-0.0582599991900957,0.0036080677237329112,B_No_confidence,No,Yes,Yes,GLM,No,Yes,No,No,No,No,188,No,Yes,0
-0.0582599991900958,0.0036080706187671253,B_No_confidence,No,Yes,No,GLM,No,No,No,Yes,No,No,189,No,Yes,0
-0.05825999919009582,0.0036080707550759012,B_No_confidence,No,Yes,No,GLM,Yes,No,No,No,No,No,190,No,Yes,0
-0.05825999919009585,0.0036080709101923587,B_No_confidence,No,Yes,No,GLM,No,Yes,No,No,No,No,191,No,Yes,0
-0.058259999190095856,0.0036080687025627214,B_No_confidence,No,Yes,Yes,GLM,No,No,No,Yes,No,No,192,No,Yes,0
-0.058259999190095876,0.0036080683701184978,B_No_confidence,No,Yes,Yes,GLM,No,No,No,No,No,No,193,No,Yes,0
-0.058259999190095876,0.00360807090205616,B_No_confidence,No,Yes,No,GLM,No,No,No,No,No,No,194,No,Yes,0
-0.058259999190095876,0.00360806847244452,B_No_confidence,No,Yes,Yes,GLM,No,No,Yes,No,No,No,195,No,Yes,0
-0.05825999919009591,0.0036080707859127187,B_No_confidence,No,Yes,No,GLM,No,No,Yes,No,No,No,196,No,Yes,0
-0.05825999919009591,0.003608069077780623,B_No_confidence,No,Yes,Yes,GLM,Yes,No,No,No,No,No,197,No,Yes,0
-0.058268319122319515,0.0036042277908589575,B_No_confidence,No,Yes,Yes,GLM,No,No,No,Yes,No,No,198,Yes,No,0
-0.05828149109601222,0.0036044466869004795,B_No_confidence,No,Yes,Yes,GLM,Yes,No,No,No,No,No,199,Yes,No,0
-0.05840124349043344,0.0036057355029319223,B_No_confidence,No,Yes,No,GLM,Yes,No,No,No,No,No,200,Yes,No,0
-0.05840927572534579,0.003605730317058825,B_No_confidence,No,Yes,No,GLM,No,No,No,Yes,No,No,201,Yes,No,0
-0.05843346465418666,0.0036061490085473992,B_No_confidence,No,Yes,No,GLM,No,Yes,No,No,No,No,202,Yes,No,0
-0.05843464265841701,0.003606104858369624,B_No_confidence,No,Yes,No,GLM,No,No,No,No,No,No,203,Yes,No,0
-0.05846304797404617,0.0036060735984704607,B_No_confidence,No,Yes,No,GLM,No,No,Yes,No,No,No,204,Yes,No,0
-0.059284682657611325,0.0036176873897152337,B_No_confidence,No,Yes,Yes,GLM,No,Yes,No,No,Yes,No,205,Yes,No,0
-0.059288237446561226,0.0036213961673021494,B_No_confidence,No,Yes,No,GLM,No,No,Yes,No,Yes,No,206,No,Yes,0
-0.059289579441909095,0.0036213963854536658,B_No_confidence,No,Yes,No,GLM,No,Yes,No,No,Yes,No,207,No,Yes,0
-0.05928994714535502,0.0036213962225933828,B_No_confidence,No,Yes,No,GLM,No,No,No,No,Yes,No,208,No,Yes,1
-0.059290794254613206,0.003621395667109909,B_No_confidence,No,Yes,No,GLM,No,No,No,Yes,Yes,No,209,No,Yes,0
-0.05929176221378869,0.003621392586304067,B_No_confidence,No,Yes,Yes,GLM,No,No,Yes,No,Yes,No,210,No,Yes,0
-0.05929219582542949,0.0036213933172287655,B_No_confidence,No,Yes,Yes,GLM,Yes,No,No,No,Yes,No,211,No,Yes,0
-0.05929232490443354,0.0036213923757197437,B_No_confidence,No,Yes,Yes,GLM,No,No,No,No,Yes,No,212,No,Yes,0
-0.059292621737142184,0.003621392867256454,B_No_confidence,No,Yes,Yes,GLM,No,No,No,Yes,Yes,No,213,No,Yes,0
-0.05929381442184475,0.0036213958217520895,B_No_confidence,No,Yes,No,GLM,Yes,No,No,No,Yes,No,214,No,Yes,0
-0.05929413582086997,0.003621391550030765,B_No_confidence,No,Yes,Yes,GLM,No,Yes,No,No,Yes,No,215,No,Yes,0
-0.05929568473838876,0.003617731518555759,B_No_confidence,No,Yes,Yes,GLM,No,No,No,No,Yes,No,216,Yes,No,0
-0.05930964256861962,0.003617830425100778,B_No_confidence,No,Yes,Yes,GLM,No,No,Yes,No,Yes,No,217,Yes,No,0
-0.059311054731432895,0.0036177380308135103,B_No_confidence,No,Yes,Yes,GLM,No,No,No,Yes,Yes,No,218,Yes,No,0
-0.05931419124569895,0.003617875126743794,B_No_confidence,No,Yes,Yes,GLM,Yes,No,No,No,Yes,No,219,Yes,No,0
-0.0594196207210522,0.0036189627730248406,B_No_confidence,No,Yes,No,GLM,Yes,No,No,No,Yes,No,220,Yes,No,0
-0.059422645166204796,0.0036188998546991882,B_No_confidence,No,Yes,No,GLM,No,No,No,Yes,Yes,No,221,Yes,No,0
-0.05945170382038624,0.0036192146599226243,B_No_confidence,No,Yes,No,GLM,No,No,No,No,Yes,No,222,Yes,No,0
-0.05945501848901851,0.0036192498266366005,B_No_confidence,No,Yes,No,GLM,No,Yes,No,No,Yes,No,223,Yes,No,0
-0.059489355508996256,0.0036191205789899736,B_No_confidence,No,Yes,No,GLM,No,No,Yes,No,Yes,No,224,Yes,No,0
-0.053384072668995,0.002069336918442125,C_GDP,No,Yes,No,GLM,Yes,No,No,No,Yes,Yes,225,Yes,No,0
-0.05339694566694107,0.0020693660811949765,C_GDP,No,Yes,No,GLM,Yes,No,No,Yes,Yes,Yes,226,Yes,No,0
-0.0534053917083204,0.002069364641316267,C_GDP,No,Yes,No,GLM,Yes,Yes,No,No,Yes,Yes,227,Yes,No,0
-0.05346151498430688,0.0020684211210513993,C_GDP,No,Yes,Yes,GLM,Yes,No,Yes,No,Yes,Yes,228,Yes,No,0
-0.053463905224990775,0.002068361545622438,C_GDP,No,Yes,Yes,GLM,Yes,No,No,No,Yes,Yes,229,Yes,No,0
-0.05347136750117316,0.002068317971320202,C_GDP,No,Yes,Yes,GLM,Yes,Yes,No,No,Yes,Yes,230,Yes,No,0
-0.053471806675146207,0.0020684625507422683,C_GDP,No,Yes,Yes,GLM,Yes,No,No,Yes,Yes,Yes,231,Yes,No,0
-0.053487595856125385,0.0020693227532436603,C_GDP,No,Yes,No,GLM,Yes,No,Yes,No,Yes,Yes,232,Yes,No,0
-0.053584000630142854,0.002071184059151734,C_GDP,No,Yes,No,GLM,Yes,No,Yes,No,Yes,Yes,233,No,Yes,0
-0.05358429545977722,0.0020711847176678815,C_GDP,No,Yes,No,GLM,Yes,Yes,No,No,Yes,Yes,234,No,Yes,0
-0.05358482829017078,0.0020711846925186854,C_GDP,No,Yes,No,GLM,Yes,No,No,No,Yes,Yes,235,No,Yes,1
-0.05358489432426281,0.0020711849038588383,C_GDP,No,Yes,No,GLM,Yes,No,No,Yes,Yes,Yes,236,No,Yes,0
-0.053588195590417546,0.002071182356880315,C_GDP,No,Yes,Yes,GLM,Yes,No,No,Yes,Yes,Yes,237,No,Yes,0
-0.0535890108419609,0.0020711823119519694,C_GDP,No,Yes,Yes,GLM,Yes,No,Yes,No,Yes,Yes,238,No,Yes,0
-0.053589827854942,0.002071182162530168,C_GDP,No,Yes,Yes,GLM,Yes,No,No,No,Yes,Yes,239,No,Yes,0
-0.05359091126077865,0.002071181838611463,C_GDP,No,Yes,Yes,GLM,Yes,Yes,No,No,Yes,Yes,240,No,Yes,0
-0.055403865101453696,0.0020189167098539156,C_GDP,No,Yes,No,GLM,Yes,No,No,No,No,Yes,241,Yes,No,0
-0.05541769567808198,0.0020189195141886982,C_GDP,No,Yes,No,GLM,Yes,No,No,Yes,No,Yes,242,Yes,No,0
-0.05542094071789109,0.002018959334876105,C_GDP,No,Yes,No,GLM,Yes,Yes,No,No,No,Yes,243,Yes,No,0
-0.055432800999890085,0.002017923495140317,C_GDP,No,Yes,Yes,GLM,Yes,No,No,No,No,Yes,244,Yes,No,0
-0.05543370910400017,0.0020179583226245857,C_GDP,No,Yes,Yes,GLM,Yes,No,Yes,No,No,Yes,245,Yes,No,0
-0.05544037951861747,0.0020178692230057816,C_GDP,No,Yes,Yes,GLM,Yes,Yes,No,No,No,Yes,246,Yes,No,0
-0.055447663747364546,0.0020179944840916617,C_GDP,No,Yes,Yes,GLM,Yes,No,No,Yes,No,Yes,247,Yes,No,0
-0.05549524499879755,0.002018948474078388,C_GDP,No,Yes,No,GLM,Yes,No,Yes,No,No,Yes,248,Yes,No,0
-0.0555734372301616,0.0020206343249308594,C_GDP,No,Yes,No,GLM,Yes,No,No,Yes,No,Yes,249,No,Yes,0
-0.05557343723016161,0.0020206326548815223,C_GDP,No,Yes,Yes,GLM,Yes,No,No,No,No,Yes,250,No,Yes,0
-0.05557343723016161,0.0020206327201223095,C_GDP,No,Yes,Yes,GLM,Yes,No,Yes,No,No,Yes,251,No,Yes,0
-0.05557343723016161,0.0020206325612776846,C_GDP,No,Yes,Yes,GLM,Yes,Yes,No,No,No,Yes,252,No,Yes,0
-0.055573437230161615,0.0020206343373926792,C_GDP,No,Yes,No,GLM,Yes,No,No,No,No,Yes,253,No,Yes,0
-0.05557343723016163,0.002020634312918144,C_GDP,No,Yes,No,GLM,Yes,No,Yes,No,No,Yes,254,No,Yes,0
-0.05557343723016163,0.0020206343565398735,C_GDP,No,Yes,No,GLM,Yes,Yes,No,No,No,Yes,255,No,Yes,0
-0.05557343723016163,0.0020206326775760487,C_GDP,No,Yes,Yes,GLM,Yes,No,No,Yes,No,Yes,256,No,Yes,0
